model,analysis,perturbation,strength,condition,n_samples,accuracy,precision_macro,recall_macro,f1_macro,f1_weighted,precision_mel,precision_nv,precision_vasc,recall_mel,recall_nv,recall_vasc,f1_mel,f1_nv,f1_vasc,prediction_invariance,accuracy_retention,f1_macro_retention,delta_accuracy,delta_f1_macro,confusion_matrix
SVM,baseline,clean,none,clean:none,120,0.725,0.7266505636070854,0.7492063492063492,0.7360446570972886,0.7254784688995215,0.6521739130434783,0.7777777777777778,0.75,0.7142857142857143,0.7,0.8333333333333334,0.6818181818181818,0.7368421052631579,0.7894736842105263,1.0,1.0,1.0,0.0,0.0,"[[30, 11, 1], [14, 42, 4], [2, 1, 15]]"
Random Forest,baseline,clean,none,clean:none,120,0.7333333333333333,0.7331823410986482,0.7394179894179894,0.73595849427335,0.7329753155695506,0.725,0.7377049180327869,0.7368421052631579,0.6904761904761905,0.75,0.7777777777777778,0.7073170731707317,0.743801652892562,0.7567567567567568,1.0,1.0,1.0,0.0,0.0,"[[29, 13, 0], [10, 45, 5], [1, 3, 14]]"
KNN,baseline,clean,none,clean:none,120,0.6666666666666666,0.6835802469135803,0.6666666666666666,0.6721107970266673,0.6698030241845021,0.56,0.7407407407407407,0.75,0.6666666666666666,0.6666666666666666,0.6666666666666666,0.6086956521739131,0.7017543859649122,0.7058823529411765,1.0,1.0,1.0,0.0,0.0,"[[28, 12, 2], [18, 40, 2], [4, 2, 12]]"
SVM,perturbation,brightness,factor=0.80,brightness:factor=0.80,120,0.31666666666666665,0.4933025911286781,0.4587301587301587,0.30408871891561806,0.3019710361980664,0.6666666666666666,0.6086956521739131,0.20454545454545456,0.14285714285714285,0.23333333333333334,1.0,0.23529411764705882,0.3373493975903614,0.33962264150943394,0.3,0.43678160919540227,0.41313895289294156,-0.4083333333333333,-0.43195593818167055,"[[6, 9, 27], [3, 14, 43], [0, 0, 18]]"
Random Forest,perturbation,brightness,factor=0.80,brightness:factor=0.80,120,0.5666666666666667,0.6368148506513287,0.5798941798941799,0.5991322392001509,0.5713638936049802,0.4716981132075472,0.5925925925925926,0.8461538461538461,0.5952380952380952,0.5333333333333333,0.6111111111111112,0.5263157894736842,0.5614035087719298,0.7096774193548387,0.65,0.7727272727272727,0.8140842776625674,-0.16666666666666663,-0.13682625507319912,"[[25, 17, 0], [26, 32, 2], [2, 5, 11]]"
KNN,perturbation,brightness,factor=0.80,brightness:factor=0.80,120,0.44166666666666665,0.4506500473695625,0.5105820105820106,0.46080246208225734,0.43442877710994815,0.37735849056603776,0.5263157894736842,0.4482758620689655,0.47619047619047616,0.3333333333333333,0.7222222222222222,0.42105263157894735,0.40816326530612246,0.5531914893617021,0.43333333333333335,0.6625,0.6856049093702836,-0.22499999999999998,-0.21130833494440998,"[[20, 15, 7], [31, 20, 9], [2, 3, 13]]"
SVM,perturbation,brightness,factor=1.20,brightness:factor=1.20,120,0.2833333333333333,0.4222138293519655,0.4235449735449735,0.2725856697819315,0.265520694259012,0.42857142857142855,0.6470588235294118,0.19101123595505617,0.14285714285714285,0.18333333333333332,0.9444444444444444,0.21428571428571427,0.2857142857142857,0.3177570093457944,0.25833333333333336,0.39080459770114945,0.37033849393991564,-0.44166666666666665,-0.4634589873153571,"[[6, 5, 31], [8, 11, 41], [0, 1, 17]]"
Random Forest,perturbation,brightness,factor=1.20,brightness:factor=1.20,120,0.5833333333333334,0.5917444755680049,0.5814814814814815,0.5862175764614789,0.5824970963995355,0.525,0.6031746031746031,0.6470588235294118,0.5,0.6333333333333333,0.6111111111111112,0.5121951219512195,0.6178861788617886,0.6285714285714286,0.65,0.7954545454545455,0.7965361919496314,-0.1499999999999999,-0.14974091781187115,"[[21, 19, 2], [18, 38, 4], [1, 6, 11]]"
KNN,perturbation,brightness,factor=1.20,brightness:factor=1.20,120,0.575,0.5535469107551487,0.5642857142857144,0.5580119645337036,0.5747022219848307,0.5869565217391305,0.6,0.47368421052631576,0.6428571428571429,0.55,0.5,0.6136363636363636,0.5739130434782609,0.4864864864864865,0.5333333333333333,0.8624999999999999,0.8302380604541358,-0.09166666666666667,-0.11409883249296371,"[[27, 13, 2], [19, 33, 8], [0, 9, 9]]"
SVM,perturbation,contrast,factor=0.80,contrast:factor=0.80,120,0.5083333333333333,0.5757575757575758,0.5441798941798942,0.47477954144620815,0.4932804232804233,0.8333333333333334,0.5606060606060606,0.3333333333333333,0.23809523809523808,0.6166666666666667,0.7777777777777778,0.37037037037037035,0.5873015873015873,0.4666666666666667,0.5333333333333333,0.7011494252873564,0.6450417605347184,-0.21666666666666667,-0.26126511565108046,"[[10, 26, 6], [1, 37, 22], [1, 3, 14]]"
Random Forest,perturbation,contrast,factor=0.80,contrast:factor=0.80,120,0.5083333333333333,0.4999643417486806,0.5701058201058201,0.48452502238276063,0.48777669723071226,0.5263157894736842,0.5833333333333334,0.3902439024390244,0.23809523809523808,0.5833333333333334,0.8888888888888888,0.32786885245901637,0.5833333333333334,0.5423728813559322,0.6,0.6931818181818182,0.6583591685576743,-0.22499999999999998,-0.2514334718905894,"[[10, 23, 9], [9, 35, 16], [0, 2, 16]]"
KNN,perturbation,contrast,factor=0.80,contrast:factor=0.80,120,0.6083333333333333,0.5967958595077238,0.6240740740740741,0.6079935677974894,0.6067125739184562,0.5384615384615384,0.6610169491525424,0.5909090909090909,0.5,0.65,0.7222222222222222,0.5185185185185185,0.6554621848739496,0.65,0.6666666666666666,0.9125,0.9046031851997849,-0.05833333333333335,-0.06411722922917795,"[[21, 15, 6], [18, 39, 3], [0, 5, 13]]"
SVM,perturbation,contrast,factor=1.20,contrast:factor=1.20,120,0.35833333333333334,0.49715099715099714,0.4912698412698413,0.3499647639182523,0.35403805496828755,0.6153846153846154,0.6538461538461539,0.2222222222222222,0.19047619047619047,0.2833333333333333,1.0,0.2909090909090909,0.3953488372093023,0.36363636363636365,0.4083333333333333,0.4942528735632184,0.47546675401244687,-0.36666666666666664,-0.3860798931790363,"[[8, 9, 25], [5, 17, 38], [0, 0, 18]]"
Random Forest,perturbation,contrast,factor=1.20,contrast:factor=1.20,120,0.6916666666666667,0.6932475117706658,0.6904761904761904,0.6906662238704083,0.6915049537831405,0.6595744680851063,0.7142857142857143,0.7058823529411765,0.7380952380952381,0.6666666666666666,0.6666666666666666,0.6966292134831461,0.6896551724137931,0.6857142857142857,0.7666666666666667,0.9431818181818182,0.9384581185550944,-0.04166666666666663,-0.0452922704029417,"[[31, 11, 0], [15, 40, 5], [1, 5, 12]]"
KNN,perturbation,contrast,factor=1.20,contrast:factor=1.20,120,0.7,0.7115384615384616,0.6619047619047619,0.6754218635363171,0.6978136463683051,0.6346153846153846,0.75,0.75,0.7857142857142857,0.7,0.5,0.7021276595744681,0.7241379310344828,0.6,0.675,1.05,1.0049263700632358,0.033333333333333326,0.0033110665096497405,"[[33, 8, 1], [16, 42, 2], [3, 6, 9]]"
SVM,perturbation,gaussian_noise,sigma=8,gaussian_noise:sigma=8,120,0.31666666666666665,0.3940058479532163,0.4576719576719577,0.31501182033096925,0.29592198581560286,0.4583333333333333,0.5,0.2236842105263158,0.2619047619047619,0.16666666666666666,0.9444444444444444,0.3333333333333333,0.25,0.3617021276595745,0.38333333333333336,0.43678160919540227,0.4279792228548597,-0.4083333333333333,-0.42103283676631936,"[[11, 10, 21], [12, 10, 38], [1, 0, 17]]"
Random Forest,perturbation,gaussian_noise,sigma=8,gaussian_noise:sigma=8,120,0.5833333333333334,0.6940515858324078,0.5888888888888889,0.5958784230859533,0.5775132868028431,0.4794520547945205,0.7027027027027027,0.9,0.8333333333333334,0.43333333333333335,0.5,0.6086956521739131,0.5360824742268041,0.6428571428571429,0.6083333333333333,0.7954545454545455,0.8096630825279012,-0.1499999999999999,-0.14008007118739674,"[[35, 7, 0], [33, 26, 1], [5, 4, 9]]"
KNN,perturbation,gaussian_noise,sigma=8,gaussian_noise:sigma=8,120,0.5916666666666667,0.6581903594771241,0.6497354497354498,0.6367193952099612,0.5873432437583381,0.484375,0.6666666666666666,0.8235294117647058,0.7380952380952381,0.43333333333333335,0.7777777777777778,0.5849056603773585,0.5252525252525253,0.8,0.7,0.8875000000000001,0.9473429054059641,-0.07499999999999996,-0.03539140181670608,"[[31, 11, 0], [31, 26, 3], [2, 2, 14]]"
SVM,perturbation,gaussian_noise,sigma=16,gaussian_noise:sigma=16,120,0.25,0.28104575163398693,0.39999999999999997,0.2025641025641026,0.19884615384615384,0.0,0.6666666666666666,0.17647058823529413,0.0,0.2,1.0,0.0,0.3076923076923077,0.3,0.25833333333333336,0.3448275862068966,0.2752062671889325,-0.475,-0.533480554533186,"[[0, 6, 36], [0, 12, 48], [0, 0, 18]]"
Random Forest,perturbation,gaussian_noise,sigma=16,gaussian_noise:sigma=16,120,0.43333333333333335,0.626828631138976,0.41111111111111115,0.37959418858295263,0.3886220521051982,0.3977272727272727,0.4827586206896552,1.0,0.8333333333333334,0.23333333333333334,0.16666666666666666,0.5384615384615384,0.3146067415730337,0.2857142857142857,0.39166666666666666,0.5909090909090909,0.5157820604513107,-0.29999999999999993,-0.3563643056903974,"[[35, 7, 0], [46, 14, 0], [7, 8, 3]]"
KNN,perturbation,gaussian_noise,sigma=16,gaussian_noise:sigma=16,120,0.48333333333333334,0.6657706093189965,0.4703703703703703,0.46198085328520105,0.4574640335509901,0.4166666666666667,0.5806451612903226,1.0,0.8333333333333334,0.3,0.2777777777777778,0.5555555555555556,0.3956043956043956,0.43478260869565216,0.5083333333333333,0.7250000000000001,0.6873581786350489,-0.1833333333333333,-0.21012994374146626,"[[35, 7, 0], [42, 18, 0], [7, 6, 5]]"
SVM,perturbation,blur,radius=1,blur:radius=1,120,0.675,0.6819172113289761,0.6708994708994709,0.673306530214425,0.6703399122807018,0.6470588235294118,0.6764705882352942,0.7222222222222222,0.5238095238095238,0.7666666666666667,0.7222222222222222,0.5789473684210527,0.71875,0.7222222222222222,0.75,0.9310344827586208,0.9147631515589263,-0.04999999999999993,-0.06273812688286362,"[[22, 18, 2], [11, 46, 3], [1, 4, 13]]"
Random Forest,perturbation,blur,radius=1,blur:radius=1,120,0.6583333333333333,0.6908831908831908,0.6584656084656085,0.6575903967208315,0.6414361001317523,0.6666666666666666,0.6282051282051282,0.7777777777777778,0.38095238095238093,0.8166666666666667,0.7777777777777778,0.48484848484848486,0.7101449275362319,0.7777777777777778,0.775,0.8977272727272728,0.8935156015423188,-0.07499999999999996,-0.0783680975525185,"[[16, 25, 1], [8, 49, 3], [0, 4, 14]]"
KNN,perturbation,blur,radius=1,blur:radius=1,120,0.7166666666666667,0.6890838206627681,0.6917989417989419,0.6899990175852245,0.7176613616268789,0.6666666666666666,0.7894736842105263,0.6111111111111112,0.7142857142857143,0.75,0.6111111111111112,0.6896551724137931,0.7692307692307693,0.6111111111111112,0.7166666666666667,1.0750000000000002,1.0266149876444366,0.050000000000000044,0.01788822055855721,"[[30, 8, 4], [12, 45, 3], [3, 4, 11]]"
SVM,perturbation,blur,radius=2,blur:radius=2,120,0.4083333333333333,0.5524317723266433,0.49973544973544975,0.355722650783858,0.3832495280152519,0.75,0.6744186046511628,0.2328767123287671,0.07142857142857142,0.48333333333333334,0.9444444444444444,0.13043478260869565,0.5631067961165048,0.37362637362637363,0.4083333333333333,0.5632183908045977,0.48328949521447234,-0.31666666666666665,-0.3803220063134306,"[[3, 13, 26], [1, 29, 30], [0, 1, 17]]"
Random Forest,perturbation,blur,radius=2,blur:radius=2,120,0.65,0.7190539137003116,0.6280423280423281,0.6201821668264621,0.6113446788111218,0.7857142857142857,0.6067415730337079,0.7647058823529411,0.2619047619047619,0.9,0.7222222222222222,0.39285714285714285,0.7248322147651006,0.7428571428571429,0.7333333333333333,0.8863636363636365,0.8426863357814766,-0.08333333333333326,-0.11577632744688793,"[[11, 30, 1], [3, 54, 3], [0, 5, 13]]"
KNN,perturbation,blur,radius=2,blur:radius=2,120,0.675,0.6465079365079366,0.6674603174603174,0.6500436256250209,0.6784178999295278,0.7428571428571429,0.7166666666666667,0.48,0.6190476190476191,0.7166666666666667,0.6666666666666666,0.6753246753246753,0.7166666666666667,0.5581395348837209,0.6583333333333333,1.0125000000000002,0.9671673606505523,0.008333333333333415,-0.02206717140164638,"[[26, 13, 3], [7, 43, 10], [2, 4, 12]]"
SVM,perturbation,rotate_crop,"angle=5,crop=0.96","rotate_crop:angle=5,crop=0.96",120,0.7083333333333334,0.7354816354816354,0.724867724867725,0.7157324830953592,0.6950383531260108,0.7307692307692307,0.6756756756756757,0.8,0.4523809523809524,0.8333333333333334,0.8888888888888888,0.5588235294117647,0.746268656716418,0.8421052631578947,0.7583333333333333,0.9770114942528736,0.9724036119193722,-0.016666666666666607,-0.020312174001929417,"[[19, 22, 1], [7, 50, 3], [0, 2, 16]]"
Random Forest,perturbation,rotate_crop,"angle=5,crop=0.96","rotate_crop:angle=5,crop=0.96",120,0.6416666666666667,0.6733634992458523,0.6343915343915344,0.6387070856895646,0.6264188374895707,0.64,0.6153846153846154,0.7647058823529411,0.38095238095238093,0.8,0.7222222222222222,0.47761194029850745,0.6956521739130435,0.7428571428571429,0.8,0.8750000000000001,0.8678574819904663,-0.09166666666666656,-0.09725140858378545,"[[16, 25, 1], [9, 48, 3], [0, 5, 13]]"
KNN,perturbation,rotate_crop,"angle=5,crop=0.96","rotate_crop:angle=5,crop=0.96",120,0.7416666666666667,0.7289633682930536,0.7214285714285714,0.7249766573295986,0.7415826330532214,0.6976744186046512,0.7833333333333333,0.7058823529411765,0.7142857142857143,0.7833333333333333,0.6666666666666666,0.7058823529411765,0.7833333333333333,0.6857142857142857,0.725,1.1125,1.0786564663695377,0.07500000000000007,0.05286586030293128,"[[30, 10, 2], [10, 47, 3], [3, 3, 12]]"
SVM,perturbation,rotate_crop,"angle=10,crop=0.92","rotate_crop:angle=10,crop=0.92",120,0.6583333333333333,0.6654573908095034,0.6761904761904761,0.6580097355902201,0.6462537338201128,0.6666666666666666,0.647887323943662,0.6818181818181818,0.42857142857142855,0.7666666666666667,0.8333333333333334,0.5217391304347826,0.7022900763358778,0.75,0.6916666666666667,0.9080459770114943,0.8939807241929969,-0.06666666666666665,-0.07803492150706848,"[[18, 22, 2], [9, 46, 5], [0, 3, 15]]"
Random Forest,perturbation,rotate_crop,"angle=10,crop=0.92","rotate_crop:angle=10,crop=0.92",120,0.6166666666666667,0.6229925577751665,0.6283068783068783,0.6053690272838436,0.5997983814510935,0.6521739130434783,0.6081081081081081,0.6086956521739131,0.35714285714285715,0.75,0.7777777777777778,0.46153846153846156,0.6716417910447762,0.6829268292682927,0.7333333333333333,0.840909090909091,0.8225586524163374,-0.11666666666666659,-0.13058946698950646,"[[15, 25, 2], [8, 45, 7], [0, 4, 14]]"
KNN,perturbation,rotate_crop,"angle=10,crop=0.92","rotate_crop:angle=10,crop=0.92",120,0.6583333333333333,0.6374003153173838,0.6304232804232804,0.633739997376361,0.6577528532073986,0.6190476190476191,0.7049180327868853,0.5882352941176471,0.6190476190476191,0.7166666666666667,0.5555555555555556,0.6190476190476191,0.7107438016528925,0.5714285714285714,0.65,0.9875,0.9429100085580326,-0.008333333333333304,-0.03837079965030632,"[[26, 13, 3], [13, 43, 4], [3, 5, 10]]"
